{"train/epoch":15.8,"train_runtime":15949.7614,"_runtime":16122,"_timestamp":1.762253378050536e+09,"train/global_step":300,"train/loss":0.9893,"_wandb":{"runtime":16122},"train/grad_norm":0.6501396298408508,"total_flos":1.0303074519220224e+17,"_step":30,"train_samples_per_second":0.301,"train_loss":1.359336306254069,"train_steps_per_second":0.019,"train/learning_rate":6.896551724137931e-07}