{"_step":30,"train_runtime":9743.7265,"train_samples_per_second":0.493,"train_steps_per_second":0.031,"train/learning_rate":1.3793103448275862e-06,"_timestamp":1.7622208829040282e+09,"train/loss":1.1504,"train_loss":1.5363986237843832,"total_flos":5.422841723879424e+16,"_runtime":9814,"train/grad_norm":0.28296807408332825,"_wandb":{"runtime":9814},"train/epoch":15.8,"train/global_step":300}