{"train_runtime":16196.9734,"train/epoch":15.8,"_timestamp":1.7622372477195034e+09,"train/learning_rate":1.3793103448275862e-06,"total_flos":1.0368536442568704e+17,"_runtime":16357,"train/grad_norm":2.52563738822937,"train/global_step":300,"train_steps_per_second":0.019,"train/loss":0.2342,"_step":30,"train_loss":0.7781874299049377,"_wandb":{"runtime":16357},"train_samples_per_second":0.296}